"0","library(tidyverse)"
"2","Registered S3 method overwritten by 'dplyr':
  method           from
  print.rowwise_df     
"
"2","Registered S3 methods overwritten by 'dbplyr':
  method         from
  print.tbl_lazy     
  print.tbl_sql      
"
"2","[30mâ”€â”€ [1mAttaching packages[22m â”€â”€â”€â”€â”€â”€â”€â”€â”€â”€â”€â”€â”€â”€â”€â”€â”€â”€â”€â”€â”€â”€â”€â”€â”€â”€â”€â”€â”€â”€â”€â”€â”€â”€â”€â”€â”€â”€â”€â”€â”€â”€â”€â”€â”€â”€â”€ tidyverse 1.3.0 â”€â”€[39m
"
"2","[30m[32mâœ”[30m [34mggplot2[30m 3.2.1     [32mâœ”[30m [34mpurrr  [30m 0.3.3
[32mâœ”[30m [34mtibble [30m 2.1.3     [32mâœ”[30m [34mdplyr  [30m 0.8.3
[32mâœ”[30m [34mtidyr  [30m 1.0.0     [32mâœ”[30m [34mstringr[30m 1.4.0
[32mâœ”[30m [34mreadr  [30m 1.3.1     [32mâœ”[30m [34mforcats[30m 0.4.0[39m
"
"2","[30mâ”€â”€ [1mConflicts[22m â”€â”€â”€â”€â”€â”€â”€â”€â”€â”€â”€â”€â”€â”€â”€â”€â”€â”€â”€â”€â”€â”€â”€â”€â”€â”€â”€â”€â”€â”€â”€â”€â”€â”€â”€â”€â”€â”€â”€â”€â”€â”€â”€â”€â”€â”€â”€â”€â”€â”€ tidyverse_conflicts() â”€â”€
[31mâœ–[30m [34mdplyr[30m::[32mfilter()[30m masks [34mstats[30m::filter()
[31mâœ–[30m [34mdplyr[30m::[32mlag()[30m    masks [34mstats[30m::lag()[39m
"
"0","library(ggplot2)"
"0","library(plotly)"
"2","Registered S3 method overwritten by 'data.table':
  method           from
  print.data.table     
"
"2","Registered S3 methods overwritten by 'htmltools':
  method               from         
  print.html           tools:rstudio
  print.shiny.tag      tools:rstudio
  print.shiny.tag.list tools:rstudio
"
"2","Registered S3 method overwritten by 'htmlwidgets':
  method           from         
  print.htmlwidget tools:rstudio
"
"2","
Attaching package: â€˜plotlyâ€™

"
"2","The following object is masked from â€˜package:ggplot2â€™:

    last_plot

"
"2","The following object is masked from â€˜package:statsâ€™:

    filter

"
"2","The following object is masked from â€˜package:graphicsâ€™:

    layout

"
"0","library(data.table)"
"2","data.table 1.12.6 using 4 threads (see ?getDTthreads).  Latest news: r-datatable.com
"
"2","
Attaching package: â€˜data.tableâ€™

"
"2","The following objects are masked from â€˜package:dplyrâ€™:

    between, first, last

"
"2","The following object is masked from â€˜package:purrrâ€™:

    transpose

"
"0","library(lubridate)"
"2","
Attaching package: â€˜lubridateâ€™

"
"2","The following objects are masked from â€˜package:data.tableâ€™:

    hour, isoweek, mday, minute, month, quarter, second, wday, week, yday,
    year

"
"2","The following object is masked from â€˜package:baseâ€™:

    date

"
"0","library(dplyr)"
"0","library(corrplot)"
"2","corrplot 0.84 loaded
"
"0","library(leaflet)"
